"year","total_order_revenue"
"2016","51653.83"
"2017","7090569.23999984"
"2018","8593303.959999945"
